timestampUtc,name,cpuPercent,memoryUsage,memoryPercent,pids
2026-08-06T05:40:55.1492293Z,doeng-exp148-d-flux-corrected-1,16.46%,367.2MiB / 3GiB,11.95%,33
2026-08-06T05:40:55.1492293Z,doeng-exp148-d-mariadb-1,3.94%,83.24MiB / 1GiB,8.13%,16
2026-08-06T05:40:55.1492293Z,doeng-exp148-d-experiment-mock-1,27.46%,28.89MiB / 1GiB,2.82%,7
2026-08-06T05:40:58.3640414Z,doeng-exp148-d-flux-corrected-1,207.27%,585.6MiB / 3GiB,19.06%,33
2026-08-06T05:40:58.3640414Z,doeng-exp148-d-mariadb-1,1.92%,83.26MiB / 1GiB,8.13%,17
2026-08-06T05:40:58.3640414Z,doeng-exp148-d-experiment-mock-1,71.79%,110.8MiB / 1GiB,10.82%,7
2026-08-06T05:41:01.4140619Z,doeng-exp148-d-flux-corrected-1,200.10%,823.8MiB / 3GiB,26.82%,33
2026-08-06T05:41:01.4140619Z,doeng-exp148-d-mariadb-1,8.46%,84.84MiB / 1GiB,8.29%,24
2026-08-06T05:41:01.4140619Z,doeng-exp148-d-experiment-mock-1,87.38%,182MiB / 1GiB,17.77%,14
2026-08-06T05:41:04.6532734Z,doeng-exp148-d-flux-corrected-1,196.28%,930MiB / 3GiB,30.27%,33
2026-08-06T05:41:04.6532734Z,doeng-exp148-d-mariadb-1,12.41%,85.47MiB / 1GiB,8.35%,25
2026-08-06T05:41:04.6532734Z,doeng-exp148-d-experiment-mock-1,122.67%,160.7MiB / 1GiB,15.69%,7
2026-08-06T05:41:07.8865598Z,doeng-exp148-d-flux-corrected-1,205.10%,1.383GiB / 3GiB,46.11%,33
2026-08-06T05:41:07.8865598Z,doeng-exp148-d-mariadb-1,16.30%,85.88MiB / 1GiB,8.39%,25
2026-08-06T05:41:07.8865598Z,doeng-exp148-d-experiment-mock-1,86.05%,83.19MiB / 1GiB,8.12%,7
2026-08-06T05:41:11.2819322Z,doeng-exp148-d-flux-corrected-1,220.02%,1.639GiB / 3GiB,54.65%,33
2026-08-06T05:41:11.2819322Z,doeng-exp148-d-mariadb-1,0.88%,85.67MiB / 1GiB,8.37%,25
2026-08-06T05:41:11.2819322Z,doeng-exp148-d-experiment-mock-1,23.68%,87.48MiB / 1GiB,8.54%,7
2026-08-06T05:41:15.0078215Z,doeng-exp148-d-flux-corrected-1,211.75%,1.896GiB / 3GiB,63.19%,33
2026-08-06T05:41:15.0078215Z,doeng-exp148-d-mariadb-1,4.62%,85.73MiB / 1GiB,8.37%,25
2026-08-06T05:41:15.0078215Z,doeng-exp148-d-experiment-mock-1,57.03%,56.55MiB / 1GiB,5.52%,7
2026-08-06T05:41:18.4481682Z,doeng-exp148-d-flux-corrected-1,196.92%,1.871GiB / 3GiB,62.36%,33
2026-08-06T05:41:18.4481682Z,doeng-exp148-d-mariadb-1,1.87%,85.73MiB / 1GiB,8.37%,25
2026-08-06T05:41:18.4481682Z,doeng-exp148-d-experiment-mock-1,95.41%,134.1MiB / 1GiB,13.09%,7
2026-08-06T05:41:21.5459534Z,doeng-exp148-d-flux-corrected-1,207.67%,2.06GiB / 3GiB,68.66%,33
2026-08-06T05:41:21.5459534Z,doeng-exp148-d-mariadb-1,0.25%,85.75MiB / 1GiB,8.37%,25
2026-08-06T05:41:21.5459534Z,doeng-exp148-d-experiment-mock-1,93.87%,189.9MiB / 1GiB,18.54%,7
2026-08-06T05:41:24.8268328Z,doeng-exp148-d-flux-corrected-1,200.06%,2.16GiB / 3GiB,72.01%,33
2026-08-06T05:41:24.8268328Z,doeng-exp148-d-mariadb-1,5.68%,85.75MiB / 1GiB,8.37%,24
2026-08-06T05:41:24.8268328Z,doeng-exp148-d-experiment-mock-1,121.02%,264.3MiB / 1GiB,25.81%,7
2026-08-06T05:41:28.0904889Z,doeng-exp148-d-flux-corrected-1,196.91%,2.201GiB / 3GiB,73.35%,33
2026-08-06T05:41:28.0904889Z,doeng-exp148-d-mariadb-1,12.64%,85.84MiB / 1GiB,8.38%,24
2026-08-06T05:41:28.0904889Z,doeng-exp148-d-experiment-mock-1,107.23%,313.4MiB / 1GiB,30.60%,7
2026-08-06T05:41:31.2513011Z,doeng-exp148-d-flux-corrected-1,199.22%,2.264GiB / 3GiB,75.46%,33
2026-08-06T05:41:31.2513011Z,doeng-exp148-d-mariadb-1,14.66%,86.19MiB / 1GiB,8.42%,24
2026-08-06T05:41:31.2513011Z,doeng-exp148-d-experiment-mock-1,115.73%,336.9MiB / 1GiB,32.90%,14
2026-08-06T05:41:34.4587721Z,doeng-exp148-d-flux-corrected-1,101.18%,2.228GiB / 3GiB,74.28%,33
2026-08-06T05:41:34.4587721Z,doeng-exp148-d-mariadb-1,4.20%,85.93MiB / 1GiB,8.39%,24
2026-08-06T05:41:34.4587721Z,doeng-exp148-d-experiment-mock-1,39.01%,214.1MiB / 1GiB,20.91%,7
2026-08-06T05:41:37.6535189Z,doeng-exp148-d-flux-corrected-1,9.54%,2.227GiB / 3GiB,74.22%,33
2026-08-06T05:41:37.6535189Z,doeng-exp148-d-mariadb-1,0.01%,85.97MiB / 1GiB,8.40%,24
2026-08-06T05:41:37.6535189Z,doeng-exp148-d-experiment-mock-1,2.21%,213.6MiB / 1GiB,20.86%,7
2026-08-06T05:41:40.8734512Z,doeng-exp148-d-flux-corrected-1,7.03%,2.217GiB / 3GiB,73.90%,33
2026-08-06T05:41:40.8734512Z,doeng-exp148-d-mariadb-1,0.09%,86.27MiB / 1GiB,8.43%,24
2026-08-06T05:41:40.8734512Z,doeng-exp148-d-experiment-mock-1,2.63%,213MiB / 1GiB,20.80%,7
2026-08-06T05:41:44.0831366Z,doeng-exp148-d-flux-corrected-1,6.04%,2.217GiB / 3GiB,73.92%,33
2026-08-06T05:41:44.0831366Z,doeng-exp148-d-mariadb-1,0.04%,85.98MiB / 1GiB,8.40%,24
2026-08-06T05:41:44.0831366Z,doeng-exp148-d-experiment-mock-1,35.30%,213.5MiB / 1GiB,20.85%,7
2026-08-06T05:41:47.2998652Z,doeng-exp148-d-flux-corrected-1,4.47%,2.217GiB / 3GiB,73.91%,33
2026-08-06T05:41:47.2998652Z,doeng-exp148-d-mariadb-1,0.02%,86MiB / 1GiB,8.40%,24
2026-08-06T05:41:47.2998652Z,doeng-exp148-d-experiment-mock-1,50.64%,206.3MiB / 1GiB,20.15%,7
2026-08-06T05:41:50.5307887Z,doeng-exp148-d-flux-corrected-1,2.38%,2.217GiB / 3GiB,73.91%,33
2026-08-06T05:41:50.5307887Z,doeng-exp148-d-mariadb-1,3.61%,86.08MiB / 1GiB,8.41%,24
2026-08-06T05:41:50.5307887Z,doeng-exp148-d-experiment-mock-1,0.74%,205.8MiB / 1GiB,20.10%,7
2026-08-06T05:41:53.7599742Z,doeng-exp148-d-flux-corrected-1,8.56%,2.218GiB / 3GiB,73.92%,33
2026-08-06T05:41:53.7599742Z,doeng-exp148-d-mariadb-1,0.04%,86MiB / 1GiB,8.40%,24
2026-08-06T05:41:53.7599742Z,doeng-exp148-d-experiment-mock-1,35.99%,206.1MiB / 1GiB,20.12%,7
2026-08-06T05:41:56.9723046Z,doeng-exp148-d-flux-corrected-1,7.80%,2.217GiB / 3GiB,73.91%,33
2026-08-06T05:41:56.9723046Z,doeng-exp148-d-mariadb-1,0.01%,85.98MiB / 1GiB,8.40%,24
2026-08-06T05:41:56.9723046Z,doeng-exp148-d-experiment-mock-1,26.59%,205.9MiB / 1GiB,20.10%,7
2026-08-06T05:42:00.1631873Z,doeng-exp148-d-flux-corrected-1,3.02%,2.218GiB / 3GiB,73.92%,33
2026-08-06T05:42:00.1631873Z,doeng-exp148-d-mariadb-1,0.02%,85.98MiB / 1GiB,8.40%,24
2026-08-06T05:42:00.1631873Z,doeng-exp148-d-experiment-mock-1,37.25%,206.3MiB / 1GiB,20.15%,7
2026-08-06T05:42:03.1919965Z,doeng-exp148-d-flux-corrected-1,3.32%,2.218GiB / 3GiB,73.93%,33
2026-08-06T05:42:03.1919965Z,doeng-exp148-d-mariadb-1,0.03%,85.99MiB / 1GiB,8.40%,24
2026-08-06T05:42:03.1919965Z,doeng-exp148-d-experiment-mock-1,0.00%,206.1MiB / 1GiB,20.13%,7
2026-08-06T05:42:06.4115942Z,doeng-exp148-d-flux-corrected-1,9.76%,2.218GiB / 3GiB,73.92%,33
2026-08-06T05:42:06.4115942Z,doeng-exp148-d-mariadb-1,0.03%,85.98MiB / 1GiB,8.40%,24
2026-08-06T05:42:06.4115942Z,doeng-exp148-d-experiment-mock-1,0.00%,205.7MiB / 1GiB,20.09%,7
2026-08-06T05:42:09.6243759Z,doeng-exp148-d-flux-corrected-1,0.57%,2.218GiB / 3GiB,73.93%,33
2026-08-06T05:42:09.6243759Z,doeng-exp148-d-mariadb-1,0.03%,85.98MiB / 1GiB,8.40%,24
2026-08-06T05:42:09.6243759Z,doeng-exp148-d-experiment-mock-1,3.90%,207.8MiB / 1GiB,20.29%,8
